,Is Sensor Change Signal or not,Is Magnetic Sensor Open,Is Temperature Sensor Open,Is Vibration Sensor Open,Is Sound Sensor Open,Is Camera Sensor Open,Magnetic Field Threshold,Temperature Threshold,Vibration Threshold,Sound Threshold,Camera Background Color,Behavior Type,Area Trigger Type,Left(Light Area) Camera Threshold,Right Camera Threshold,Action,Step,Function,Duration,Frequency,Dead Time
0,False,True,True,True,True,True,60,4000,4000,80,255,Light Dark Box,Stop stimulation while mice in the ROI.,500,20000,1,Step1,Rest,99,10,0
1,False,True,True,True,True,True,60,4000,4000,80,255,Light Dark Box,Stop stimulation while mice in the ROI.,500,20000,1,Step2,Stimulation,30,10,0
2,False,True,True,True,True,True,60,4000,4000,80,255,Light Dark Box,Stop stimulation while mice in the ROI.,500,20000,1,Step3,Rest,30,1,0
3,False,True,True,True,True,True,60,4000,4000,80,255,Light Dark Box,Stop stimulation while mice in the ROI.,500,20000,1,Step4,Stimulation,30,10,0
